{
 "X":{
  "0":0.0,
  "1":0.0184371861,
  "2":0.0368001322,
  "3":0.0550148971,
  "4":0.0730081364,
  "5":0.0907073943,
  "6":0.1080414125,
  "7":0.1249403858,
  "8":0.1413362616,
  "9":0.1571630264,
  "10":0.1723569515,
  "11":0.1868568675,
  "12":0.2006043652,
  "13":0.2135441002,
  "14":0.2256239783,
  "15":0.2367953299,
  "16":0.2470132078,
  "17":0.2562364494,
  "18":0.2644279037,
  "19":0.2715546129,
  "20":0.2775878574,
  "21":0.2825033628,
  "22":0.2862813254,
  "23":0.2889065294,
  "24":0.2903684126,
  "25":0.2906610833,
  "26":0.2897833653,
  "27":0.28773879,
  "28":0.2845355907,
  "29":0.2801866736,
  "30":0.2747095264,
  "31":0.2681262621,
  "32":0.2604633041,
  "33":0.2517515773,
  "34":0.2420261049,
  "35":0.2313261105,
  "36":0.2196946495,
  "37":0.2071785573,
  "38":0.1938281874,
  "39":0.1796973832,
  "40":0.1648430026,
  "41":0.1493248076,
  "42":0.1332053845,
  "43":0.1165495914,
  "44":0.0994244392,
  "45":0.0818989953,
  "46":0.0640437737,
  "47":0.0459306121,
  "48":0.0276325626,
  "49":0.0092232468,
  "50":-0.0092232673,
  "51":-0.027632583,
  "52":-0.0459306323,
  "53":-0.0640437937,
  "54":-0.081899015,
  "55":-0.0994244585,
  "56":-0.1165496102,
  "57":-0.1332053497,
  "58":-0.1493248251,
  "59":-0.1648430195,
  "60":-0.1796973525,
  "61":-0.1938282027,
  "62":-0.2071785717,
  "63":-0.2196946238,
  "64":-0.2313261229,
  "65":-0.2420261492,
  "66":-0.2517515577,
  "67":-0.2604633131,
  "68":-0.26812627,
  "69":-0.2747095331,
  "70":-0.280186679,
  "71":-0.2845356071,
  "72":-0.2877387887,
  "73":-0.289783367,
  "74":-0.2906610827,
  "75":-0.2903684131,
  "76":-0.2889065272,
  "77":-0.2862813115,
  "78":-0.282503365,
  "79":-0.2775878514,
  "80":-0.2715546269,
  "81":-0.2644279076,
  "82":-0.256236482,
  "83":-0.2470132284,
  "84":-0.2367953353,
  "85":-0.2256240218,
  "86":-0.2135441268,
  "87":-0.2006043612,
  "88":-0.1868569203,
  "89":-0.172356983,
  "90":-0.157163122,
  "91":-0.1413363219,
  "92":-0.1249404077,
  "93":-0.1080414004,
  "94":-0.0907074598,
  "95":-0.0730081599,
  "96":-0.0550148806,
  "97":-0.0368000749,
  "98":-0.0184372066,
  "99":0.0000000205
 },
 "Y":{
  "0":0.0,
  "1":0.0005851834,
  "2":0.0023387194,
  "3":0.0052532859,
  "4":0.0093172382,
  "5":0.0145142091,
  "6":0.0208232757,
  "7":0.0282190318,
  "8":0.0366716935,
  "9":0.0461472277,
  "10":0.0566074799,
  "11":0.0680103399,
  "12":0.0803098741,
  "13":0.0934565654,
  "14":0.1073974882,
  "15":0.1220764728,
  "16":0.1374344594,
  "17":0.1534095837,
  "18":0.1699374923,
  "19":0.1869516863,
  "20":0.2043836008,
  "21":0.2221631,
  "22":0.240218564,
  "23":0.2584772602,
  "24":0.2768657262,
  "25":0.2953098886,
  "26":0.3137354495,
  "27":0.3320682751,
  "28":0.3502345157,
  "29":0.3681609935,
  "30":0.3857756107,
  "31":0.403007271,
  "32":0.4197868108,
  "33":0.4360465003,
  "34":0.4517209721,
  "35":0.4667470097,
  "36":0.4810641602,
  "37":0.4946147735,
  "38":0.507344326,
  "39":0.5192014781,
  "40":0.530138528,
  "41":0.5401114666,
  "42":0.5490800721,
  "43":0.5570082649,
  "44":0.5638641415,
  "45":0.5696200515,
  "46":0.5742528418,
  "47":0.5777438672,
  "48":0.580079048,
  "49":0.5812489944,
  "50":0.5812489938,
  "51":0.580079046,
  "52":0.577743864,
  "53":0.5742528373,
  "54":0.5696200457,
  "55":0.5638641345,
  "56":0.5570082567,
  "57":0.54908009,
  "58":0.5401114561,
  "59":0.5301385164,
  "60":0.5192015023,
  "61":0.5073443123,
  "62":0.4946147589,
  "63":0.4810641897,
  "64":0.4667469934,
  "65":0.4517209055,
  "66":0.4360465342,
  "67":0.4197867925,
  "68":0.4030072521,
  "69":0.3857755914,
  "70":0.3681609737,
  "71":0.3502344373,
  "72":0.3320682844,
  "73":0.3137354291,
  "74":0.2953099277,
  "75":0.2768657355,
  "76":0.2584772399,
  "77":0.2402184851,
  "78":0.222163109,
  "79":0.2043835813,
  "80":0.1869517228,
  "81":0.1699375007,
  "82":0.1534096445,
  "83":0.1374344926,
  "84":0.1220764803,
  "85":0.1073975417,
  "86":0.0934565941,
  "87":0.0803098703,
  "88":0.0680103842,
  "89":0.0566075031,
  "90":0.0461472891,
  "91":0.036671727,
  "92":0.0282190422,
  "93":0.0208232708,
  "94":0.0145142306,
  "95":0.0093172443,
  "96":0.0052532827,
  "97":0.0023387121,
  "98":0.0005851847,
  "99":-0.0000000001
 },
 "X_i":{
  "0":-0.0010618937,
  "1":0.0067122149,
  "2":0.0133805238,
  "3":0.020003419,
  "4":0.0265457697,
  "5":0.0329812127,
  "6":0.0392838475,
  "7":0.0454283165,
  "8":0.0513898666,
  "9":0.0571444856,
  "10":0.0626689936,
  "11":0.0679411499,
  "12":0.0729397399,
  "13":0.0776446346,
  "14":0.0820368846,
  "15":0.0860987876,
  "16":0.0898139987,
  "17":0.0931675677,
  "18":0.0961459846,
  "19":0.0987372601,
  "20":0.1009309482,
  "21":0.1027182219,
  "22":0.1040918879,
  "23":0.1050464135,
  "24":0.1055779551,
  "25":0.1056843697,
  "26":0.1053652315,
  "27":0.1046218257,
  "28":0.1034571422,
  "29":0.1018758734,
  "30":0.09988438,
  "31":0.0974907069,
  "32":0.094704462,
  "33":0.0915368779,
  "34":0.0880006908,
  "35":0.0841101673,
  "36":0.0798809692,
  "37":0.0753301296,
  "38":0.0704759367,
  "39":0.0653379692,
  "40":0.059936908,
  "41":0.0542944913,
  "42":0.0484334832,
  "43":0.0423774418,
  "44":0.0361507292,
  "45":0.0297784673,
  "46":0.0232863051,
  "47":0.0167003728,
  "48":0.0100472114,
  "49":0.0033535781,
  "50":-0.0033535856,
  "51":-0.0100472188,
  "52":-0.0167003802,
  "53":-0.0232863123,
  "54":-0.0297784745,
  "55":-0.0361507362,
  "56":-0.0423774486,
  "57":-0.0484334706,
  "58":-0.0542944977,
  "59":-0.0599369141,
  "60":-0.065337958,
  "61":-0.0704759422,
  "62":-0.0753301348,
  "63":-0.0798809599,
  "64":-0.0841101718,
  "65":-0.088000707,
  "66":-0.0915368708,
  "67":-0.0947044653,
  "68":-0.0974907098,
  "69":-0.0998843825,
  "70":-0.1018758754,
  "71":-0.1034571481,
  "72":-0.1046218252,
  "73":-0.1053652321,
  "74":-0.1056843695,
  "75":-0.1055779552,
  "76":-0.1050464127,
  "77":-0.1040918828,
  "78":-0.1027182227,
  "79":-0.100930946,
  "80":-0.0987372652,
  "81":-0.096145986,
  "82":-0.0931675795,
  "83":-0.0898140062,
  "84":-0.0860987896,
  "85":-0.0820369004,
  "86":-0.0776446442,
  "87":-0.0729397384,
  "88":-0.0679411691,
  "89":-0.0626690051,
  "90":-0.0571445203,
  "91":-0.0513898885,
  "92":-0.0454283245,
  "93":-0.0392838431,
  "94":-0.0329812365,
  "95":-0.0265457782,
  "96":-0.020003413,
  "97":-0.013380503,
  "98":-0.0067122221,
  "99":0.0010619142
 },
 "Y_i":{
  "0":0.1849969524,
  "1":0.1852132557,
  "2":0.1858503592,
  "3":0.1869100953,
  "4":0.1883877508,
  "5":0.1902773678,
  "6":0.192571339,
  "7":0.1952604363,
  "8":0.1983338288,
  "9":0.2017791379,
  "10":0.2055824842,
  "11":0.2097285536,
  "12":0.2142006633,
  "13":0.218980807,
  "14":0.2240497343,
  "15":0.2293870135,
  "16":0.2349711636,
  "17":0.2407797148,
  "18":0.2467892697,
  "19":0.2529756407,
  "20":0.2593138879,
  "21":0.2657784999,
  "22":0.2723434584,
  "23":0.2789823268,
  "24":0.2856683842,
  "25":0.2923746871,
  "26":0.2990742106,
  "27":0.3057400135,
  "28":0.3123452629,
  "29":0.318863341,
  "30":0.3252680229,
  "31":0.3315334486,
  "32":0.337634475,
  "33":0.3435464997,
  "34":0.3492457467,
  "35":0.3547092212,
  "36":0.3599149348,
  "37":0.3648419254,
  "38":0.3694703899,
  "39":0.3737816568,
  "40":0.377758374,
  "41":0.3813845345,
  "42":0.3846455114,
  "43":0.3875282005,
  "44":0.3900210006,
  "45":0.3921138528,
  "46":0.3937983357,
  "47":0.3950676697,
  "48":0.3959167407,
  "49":0.3963421341,
  "50":0.3963421339,
  "51":0.39591674,
  "52":0.3950676686,
  "53":0.3937983341,
  "54":0.3921138507,
  "55":0.3900209981,
  "56":0.3875281976,
  "57":0.384645518,
  "58":0.3813845307,
  "59":0.3777583698,
  "60":0.3737816656,
  "61":0.369470385,
  "62":0.3648419201,
  "63":0.3599149456,
  "64":0.3547092153,
  "65":0.3492457225,
  "66":0.343546512,
  "67":0.3376344683,
  "68":0.3315334417,
  "69":0.3252680158,
  "70":0.3188633338,
  "71":0.3123452344,
  "72":0.3057400168,
  "73":0.2990742032,
  "74":0.2923747014,
  "75":0.2856683876,
  "76":0.2789823194,
  "77":0.2723434297,
  "78":0.2657785032,