{
 "X":{
  "0":0.0,
  "1":0.0070472159,
  "2":0.0140944319,
  "3":0.0211416483,
  "4":0.0281888638,
  "5":0.0352360792,
  "6":0.0422832966,
  "7":0.0493305102,
  "8":0.0563777275,
  "9":0.0634249449,
  "10":0.0704721585,
  "11":0.0775193721,
  "12":0.0845665932,
  "13":0.0916138068,
  "14":0.0986610204,
  "15":0.1057082415,
  "16":0.1127554551,
  "17":0.1198026687,
  "18":0.1268498898,
  "19":0.1338970959,
  "20":0.140944317,
  "21":0.147991538,
  "22":0.1550387442,
  "23":0.1620859653,
  "24":0.1691331863,
  "25":0.1761804074,
  "26":0.1832276136,
  "27":0.1902748346,
  "28":0.1973220557,
  "29":0.2043692619,
  "30":0.2114164829,
  "31":0.2184636891,
  "32":0.2255109102,
  "33":0.2325581312,
  "34":0.2396053374,
  "35":0.2466525584,
  "36":0.2536997795,
  "37":0.2607469857,
  "38":0.2677941918,
  "39":0.2748414278,
  "40":0.281888634,
  "41":0.2889358401,
  "42":0.2959830761,
  "43":0.3030302823,
  "44":0.3100774884,
  "45":0.3171247244,
  "46":0.3241719306,
  "47":0.3312191367,
  "48":0.3382663727,
  "49":0.3453135788,
  "50":0.3523608148,
  "51":0.359408021,
  "52":0.3664552271,
  "53":0.3735024631,
  "54":0.3805496693,
  "55":0.3875968754,
  "56":0.3946441114,
  "57":0.4016913176,
  "58":0.4087385535,
  "59":0.4157857597,
  "60":0.4228329659,
  "61":0.4298802018,
  "62":0.436927408,
  "63":0.4439746141,
  "64":0.4510218501,
  "65":0.4580690563,
  "66":0.4651162922,
  "67":0.4721634984,
  "68":0.4792107046,
  "69":0.4862579405,
  "70":0.4933051467,
  "71":0.5003523827,
  "72":0.507399559,
  "73":0.514446795,
  "74":0.5214939713,
  "75":0.5285412073,
  "76":0.5355884433,
  "77":0.5426356196,
  "78":0.5496828556,
  "79":0.5567300916,
  "80":0.5637773275,
  "81":0.5708245635,
  "82":0.5778717399,
  "83":0.5849189758,
  "84":0.5919662118,
  "85":0.5990133882,
  "86":0.6060606241,
  "87":0.6131078601,
  "88":0.6201550364,
  "89":0.6272022724,
  "90":0.6342494488,
  "91":0.6412966847,
  "92":0.6483439207,
  "93":0.6553910971,
  "94":0.662438333,
  "95":0.669485569,
  "96":0.6765327454,
  "97":0.6835799813,
  "98":0.6906271577,
  "99":0.6976743937
 },
 "Y":{
  "0":0.0,
  "1":0.0,
  "2":0.0,
  "3":0.0,
  "4":0.0,
  "5":0.0,
  "6":0.0,
  "7":0.0,
  "8":0.0,
  "9":0.0,
  "10":0.0,
  "11":0.0,
  "12":0.0,
  "13":0.0,
  "14":0.0,
  "15":0.0,
  "16":0.0,
  "17":0.0,
  "18":0.0,
  "19":0.0,
  "20":0.0,
  "21":0.0,
  "22":0.0,
  "23":0.0,
  "24":0.0,
  "25":0.0,
  "26":0.0,
  "27":0.0,
  "28":0.0,
  "29":0.0,
  "30":0.0,
  "31":0.0,
  "32":0.0,
  "33":0.0,
  "34":0.0,
  "35":0.0,
  "36":0.0,
  "37":0.0,
  "38":0.0,
  "39":0.0,
  "40":0.0,
  "41":0.0,
  "42":0.0,
  "43":0.0,
  "44":0.0,
  "45":0.0,
  "46":0.0,
  "47":0.0,
  "48":0.0,
  "49":0.0,
  "50":0.0,
  "51":0.0,
  "52":0.0,
  "53":0.0,
  "54":0.0,
  "55":0.0,
  "56":0.0,
  "57":0.0,
  "58":0.0,
  "59":0.0,
  "60":0.0,
  "61":0.0,
  "62":0.0,
  "63":0.0,
  "64":0.0,
  "65":0.0,
  "66":0.0,
  "67":0.0,
  "68":0.0,
  "69":0.0,
  "70":0.0,
  "71":0.0,
  "72":0.0,
  "73":0.0,
  "74":0.0,
  "75":0.0,
  "76":0.0,
  "77":0.0,
  "78":0.0,
  "79":0.0,
  "80":0.0,
  "81":0.0,
  "82":0.0,
  "83":0.0,
  "84":0.0,
  "85":0.0,
  "86":0.0,
  "87":0.0,
  "88":0.0,
  "89":0.0,
  "90":0.0,
  "91":0.0,
  "92":0.0,
  "93":0.0,
  "94":0.0,
  "95":0.0,
  "96":0.0,
  "97":0.0,
  "98":0.0,
  "99":0.0
 },
 "X_i":{
  "0":0.0,
  "1":0.0070472159,
  "2":0.0140944319,
  "3":0.0211416483,
  "4":0.0281888638,
  "5":0.0352360792,
  "6":0.0422832966,
  "7":0.0493305102,
  "8":0.0563777275,
  "9":0.0634249449,
  "10":0.0704721585,
  "11":0.0775193721,
  "12":0.0845665932,
  "13":0.0916138068,
  "14":0.0986610204,
  "15":0.1057082415,
  "16":0.1127554551,
  "17":0.1198026687,
  "18":0.1268498898,
  "19":0.1338970959,
  "20":0.140944317,
  "21":0.147991538,
  "22":0.1550387442,
  "23":0.1620859653,
  "24":0.1691331863,
  "25":0.1761804074,
  "26":0.1832276136,
  "27":0.1902748346,
  "28":0.1973220557,
  "29":0.2043692619,
  "30":0.2114164829,
  "31":0.2184636891,
  "32":0.2255109102,
  "33":0.2325581312,
  "34":0.2396053374,
  "35":0.2466525584,
  "36":0.2536997795,
  "37":0.2607469857,
  "38":0.2677941918,
  "39":0.2748414278,
  "40":0.281888634,
  "41":0.2889358401,
  "42":0.2959830761,
  "43":0.3030302823,
  "44":0.3100774884,
  "45":0.3171247244,
  "46":0.3241719306,
  "47":0.3312191367,
  "48":0.3382663727,
  "49":0.3453135788,
  "50":0.3523608148,
  "51":0.359408021,
  "52":0.3664552271,
  "53":0.3735024631,
  "54":0.3805496693,
  "55":0.3875968754,
  "56":0.3946441114,
  "57":0.4016913176,
  "58":0.4087385535,
  "59":0.4157857597,
  "60":0.4228329659,
  "61":0.4298802018,
  "62":0.436927408,
  "63":0.4439746141,
  "64":0.4510218501,
  "65":0.4580690563,
  "66":0.4651162922,
  "67":0.4721634984,
  "68":0.4792107046,
  "69":0.4862579405,
  "70":0.4933051467,
  "71":0.5003523827,
  "72":0.507399559,
  "73":0.514446795,
  "74":0.5214939713,
  "75":0.5285412073,
  "76":0.5355884433,
  "77":0.5426356196,
  "78":0.5496828556,
  "79":0.5567300916,
  "80":0.5637773275,
  "81":0.5708245635,
  "82":0.5778717399,
  "83":0.5849189758,
  "84":0.5919662118,
  "85":0.5990133882,
  "86":0.6060606241,
  "87":0.6131078601,
  "88":0.6201550364,
  "89":0.6272022724,
  "90":0.6342494488,
  "91":0.6412966847,
  "92":0.6483439207,
  "93":0.6553910971,
  "94":0.662438333,
  "95":0.669485569,
  "96":0.6765327454,
  "97":0.6835799813,
  "98":0.6906271577,
  "99":0.6976743937
 },
 "Y_i":{
  "0":0.185,
  "1":0.185,
  "2":0.185,
  "3":0.185,
  "4":0.185,
  "5":0.185,
  "6":0.185,
  "7":0.185,
  "8":0.185,
  "9":0.185,
  "10":0.185,
  "11":0.185,
  "12":0.185,
  "13":0.185,
  "14":0.185,
  "15":0.185,
  "16":0.185,
  "17":0.185,
  "18":0.185,
  "19":0.185,
  "20":0.185,
  "21":0.185,
  "22":0.185,
  "23":0.185,
  "24":0.185,
  "25":0.185,
  "26":0.185,
  "27":0.185,
  "28":0.185,
  "29":0.185,
  "30":0.185,
  "31":0.185,
  "32":0.185,
  "33":0.185,
  "34":0.185,
  "35":0.185,
  "36":0.185,
  "37":0.185,
  "38":0.185,
  "39":0.185,
  "40":0.185,
  "41":0.185,
  "42":0.185,
  "43":0.185,
  "44":0.185,
  "45":0.185,
  "46":0.185,
  "47":0.185,
  "48":0.185,
  "49":0.185,
  "50":0.185,
  "51":0.185,
  "52":0.185,
  "53":0.185,
  "54":0.185,
  "55":0.185,
  "56":0.185,
  "57":0.185,
  "58":0.185,
  "59":0.185,
  "60":0.185,
  "61":0.185,
  "62":0.185,
  "63":0.185,
  "64":0.185,
  "65":0.185,
  "66":0.185,
  "67":0.185,
  "68":0.185,
  "69":0.185,
  "70":0.185,
  "71":0.185,
  "72":0.185,
  "73":0.185,
  "74":0.185,
  "75":0.185,
  "76":0.185,
  "77":0.185,
  "78":0.185,
  "79":0.185,
  "80":0.185,
  "81":0.185,
  "82":0.185,
  "83":0.185,
  "84":0.185,
  "85":0.185,
  "86":0.185,
  "87":0.185,
  "88":0.185,
  "89":0.185,
  "90":0.185,
  "91":0.185,
  "92":0.185,
  "93":0.185,
  "94":0.185,
  "95":0.185,
  "96":0.185,
  "97":0.185,
  "98":0.185,
  "99":0.185
 },
 "X_o":{
  "0":0.0,
  "1":0.0070472159,
  "2":0.0140944319,
  "3":0.0211416483,
  "4":0.0281888638,
  "5":0.0352360792,
  "6":0.0422832966,
  "7":0.0493305102,
  "8":0.0563777275,
  "9":0.0634249449,
  "10":0.0704721585,
  "11":0.0775193721,
  "12":0.0845665932,
  "13":0.0916138068,
  "14":0.0986610204,
  "15":0.1057082415,
  "16":0.1127554551,
  "17":0.1198026687,
  "18":0.1268498898,
  "19":0.1338970959,
  "20":0.140944317,
  "21":0.147991538,
  "22":0.1550387442,
  "23":0.1620859653,
  "24":0.1691331863,
  "25":0.1761804074,
  "26":0.1832276136,
  "27":0.1902748346,
  "28":0.1973220557,
  "29":0.2043692619,
  "30":0.2114164829,
  "31":0.2184636891,
  "32":0.2255109102,
  "33":0.2325581312,
  "34":0.2396053374,
  "35":0.2466525584,
  "36":0.2536997795,
  "37":0.2607469857,
  "38":0.2677941918,
  "39":0.2748414278,
  "40":0.281888634,
  "41":0.2889358401,
  "42":0.2959830761,
  "43":0.3030302823,
  "44":0.3100774884,
  "45":0.3171247244,
  "46":0.3241719306,
  "47":0.3312191367,
  "48":0.3382663727,
  "49":0.3453135788,
  "50":0.3523608148,
  "51":0.359408021,
  "52":0.3664552271,
  "53":0.3735024631,
  "54":0.3805496693,
  "55":0.3875968754,
  "56":0.3946441114,
  "57":0.4016913176,
  "58":0.4087385535,