{
 "X":{
  "0":0.0,
  "1":0.0570373014,
  "2":0.1140746027,
  "3":0.1711119115,
  "4":0.2281492054,
  "5":0.2851864994,
  "6":0.3422238231,
  "7":0.399261117,
  "8":0.4562984109,
  "9":0.5133357048,
  "10":0.5703729991,
  "11":0.6272191221,
  "12":0.6823043267,
  "13":0.7335170293,
  "14":0.7788919702,
  "15":0.8166878586,
  "16":0.8454542544,
  "17":0.8640872296,
  "18":0.8718717801,
  "19":0.8720930232,
  "20":0.8720930233,
  "21":0.8720930233,
  "22":0.8720930233,
  "23":0.8720930233,
  "24":0.8720930233,
  "25":0.8720930233,
  "26":0.8720930233,
  "27":0.8720930233,
  "28":0.8720930074,
  "29":0.8700277345,
  "30":0.8577459953,
  "31":0.8348591547,
  "32":0.8022454296,
  "33":0.7611564313,
  "34":0.7131690843,
  "35":0.6601247361,
  "36":0.6040592126,
  "37":0.5470445081,
  "38":0.4900071546,
  "39":0.4329698011,
  "40":0.375932686,
  "41":0.3188953325,
  "42":0.2619047913,
  "43":0.2060631603,
  "44":0.1534691996,
  "45":0.1061414758,
  "46":0.0658962227,
  "47":0.0342778795,
  "48":0.0124998218,
  "49":0.0013978009,
  "50":-0.0013978579,
  "51":-0.0124999216,
  "52":-0.0342780415,
  "53":-0.0658964408,
  "54":-0.1061417415,
  "55":-0.1534692927,
  "56":-0.2060632613,
  "57":-0.2619051336,
  "58":-0.3188956765,
  "59":-0.37593303,
  "60":-0.4329703835,
  "61":-0.4900074986,
  "62":-0.5470448521,
  "63":-0.6040822057,
  "64":-0.6611193207,
  "65":-0.7181566743,
  "66":-0.7751940278,
  "67":-0.8322311429,
  "68":-0.8892587876,
  "69":-0.9455035303,
  "70":-0.9989310944,
  "71":-1.0474909704,
  "72":-1.0893200443,
  "73":-1.1228128823,
  "74":-1.1466841738,
  "75":-1.1600178414,
  "76":-1.1623021966,
  "77":-1.1534495757,
  "78":-1.133799704,
  "79":-1.1041069462,
  "80":-1.0655102875,
  "81":-1.0194911085,
  "82":-0.9678154269,
  "83":-0.9124663323,
  "84":-0.8555592433,
  "85":-0.7985223668,
  "86":-0.7414850133,
  "87":-0.6844476598,
  "88":-0.6274103063,
  "89":-0.5703729527,
  "90":-0.5133355992,
  "91":-0.4562982457,
  "92":-0.3992608922,
  "93":-0.3422235387,
  "94":-0.2851861852,
  "95":-0.2281493085,
  "96":-0.171111955,
  "97":-0.1140746015,
  "98":-0.0570372479,
  "99":0.0000001056
 },
 "Y":{
  "0":0.0,
  "1":-7.412721209e-58,
  "2":-4.993822481e-52,
  "3":-2.203465848e-46,
  "4":-6.577757888e-41,
  "5":-6.390119293e-36,
  "6":6.335469677e-30,
  "7":5.212126965e-24,
  "8":2.534094378e-18,
  "9":0.0,
  "10":0.000000144,
  "11":0.0036344066,
  "12":0.0180761124,
  "13":0.0429798265,
  "14":0.0773898631,
  "15":0.1199857162,
  "16":0.1691327442,
  "17":0.2229449,
  "18":0.2793571095,
  "19":0.3363917715,
  "20":0.3934290058,
  "21":0.4504663593,
  "22":0.5075035937,
  "23":0.5645409472,
  "24":0.6215783007,
  "25":0.678615535,
  "26":0.7356527693,
  "27":0.7926901228,
  "28":0.8497274764,
  "29":0.906683251,
  "30":0.9622897975,
  "31":1.0144349953,
  "32":1.0611178355,
  "33":1.100546719,
  "34":1.1312084811,
  "35":1.1519265835,
  "36":1.161905879,
  "37":1.162790697,
  "38":1.1627906977,
  "39":1.1627906977,
  "40":1.1627906977,
  "41":1.1627907018,
  "42":1.1613612511,
  "43":1.1501975664,
  "44":1.1283614052,
  "45":1.096690769,
  "46":1.0564010403,
  "47":1.009038365,
  "48":0.9564203182,
  "49":0.9005661537,
  "50":0.8436193132,
  "51":0.7877653991,
  "52":0.7351473781,
  "53":0.6877847402,
  "54":0.6474950591,
  "55":0.6158245915,
  "56":0.5939884494,
  "57":0.5828247613,
  "58":0.5813953447,
  "59":0.5813953488,
  "60":0.5813953488,
  "61":0.5813953488,
  "62":0.5813953488,
  "63":0.5813953488,
  "64":0.5813953488,
  "65":0.5813953488,
  "66":0.5813953488,
  "67":0.5813953491,
  "68":0.5808880755,
  "69":0.5719734027,
  "70":0.5522645713,
  "71":0.5225180747,
  "72":0.4838752072,
  "73":0.4378190193,
  "74":0.3861169489,
  "75":0.3307530984,
  "76":0.2738520935,
  "77":0.2175975493,
  "78":0.1641482726,
  "79":0.1155557965,
  "80":0.0736840809,
  "81":0.0401404108,
  "82":0.0162120476,
  "83":0.0028172586,
  "84":-0.0000000605,
  "85":-0.0,
  "86":-7.178373085e-19,
  "87":-1.328502065e-24,
  "88":-1.165755832e-30,
  "89":3.639120801e-36,
  "90":2.166046599e-41,
  "91":6.403674259e-47,
  "92":1.317188184e-52,
  "93":1.601452215e-58,
  "94":-1.613055506e-64,
  "95":-1.662397482e-69,
  "96":-5.568456553e-75,
  "97":-1.261989451e-80,
  "98":-1.873324539e-86,
  "99":-9.808934254e-96
 },
 "X_i":{
  "0":-6.801597359e-61,
  "1":0.0570373014,
  "2":0.1140746027,
  "3":0.1711119115,
  "4":0.2281492054,
  "5":0.2851864994,
  "6":0.3422238231,
  "7":0.399261117,
  "8":0.4562984109,
  "9":0.5133357047,
  "10":0.5703243707,
  "11":0.5980568614,
  "12":0.6180858638,
  "13":0.6367068004,
  "14":0.6532051232,
  "15":0.666947703,
  "16":0.6774071626,
  "17":0.6841821141,
  "18":0.6870142812,
  "19":0.6870930232,
  "20":0.6870930233,
  "21":0.6870930233,
  "22":0.6870930233,
  "23":0.6870930233,
  "24":0.6870930233,
  "25":0.6870930233,
  "26":0.6870930233,
  "27":0.6870930233,
  "28":0.6870930074,
  "29":0.6863421077,
  "30":0.6818764407,
  "31":0.6735547832,
  "32":0.6616964343,
  "33":0.6467564797,
  "34":0.6293082868,
  "35":0.6100213653,
  "36":0.5896326248,
  "37":0.5470442621,
  "38":0.4900071546,
  "39":0.4329698011,
  "40":0.375932686,
  "41":0.3188943504,
  "42":0.2802278267,
  "43":0.259924555,
  "44":0.2408013914,
  "45":0.2235930364,
  "46":0.2089598681,
  "47":0.1974634413,
  "48":0.1895449386,
  "49":0.1855084137,
  "50":0.1827127186,
  "51":0.1645451317,
  "52":0.1289074172,
  "53":0.0771670658,
  "54":0.0113096499,
  "55":-0.0661371601,
  "56":-0.1522019309,
  "57":-0.2435823162,
  "58":-0.3188966585,
  "59":-0.37593303,
  "60":-0.4329703835,
  "61":-0.4900074986,
  "62":-0.5470448521,
  "63":-0.6040822057,
  "64":-0.6611193207,
  "65":-0.7181566743,
  "66":-0.7751940278,
  "67":-0.832231213,
  "68":-0.8783456476,
  "69":-0.8987850944,
  "70":-0.9182113553,
  "71":-0.9358677204,
  "72":-0.9510767658,
  "73":-0.963254759,
  "74":-0.9719343618,
  "75":-0.9767824865,
  "76":-0.9776130782,
  "77":-0.9743942627,
  "78":-0.9672495687,
  "79":-0.9564532849,
  "80":-0.9424195453,
  "81":-0.9256869767,
  "82":-0.9068976986,
  "83":-0.886772808,
  "84":-0.8555729824,
  "85":-0.7985223668,
  "86":-0.7414850133,
  "87":-0.6844476598,
  "88":-0.6274103063,
  "89":-0.5703729527,
  "90":-0.5133355992,
  "91":-0.4562982457,
  "92":-0.3992608922,
  "93":-0.3422235387,
  "94":-0.2851861852,
  "95":-0.2281493085,
  "96":-0.171111955,
  "97":-0.1140746015,
  "98":-0.0570372479,
  "99":0.0000001056
 },
 "Y_i":{
  "0":0.185,
  "1":0.185,
  "2":0.185,
  "3":0.185,
  "4":0.185,
  "5":0.185,
  "6":0.185,
  "7":0.185,
  "8":0.185,
  "9":0.185,
  "10":0.1850001376,
  "11":0.1863214684,
  "12":0.1915724784,
  "13":0.2006274702,
  "14":0.2131389569,
  "15":0.2286268032,
  "16":0.2464966566,
  "17":0.2660627548,
  "18":0.286616938,
  "19":0.3363917903,
  "20":0.3934290058,
  "21":0.4504663593,
  "22":0.5075035937,
  "23":0.5645409472,
  "24":0.6215783007,
  "25":0.678615535,
  "26":0.7356527693,
  "27":0.7926901228,
  "28":0.8497238028,
  "29":0.8846698349,
  "30":0.9048885801,
  "31":0.9238485739,
  "32":0.9408224495,
  "33":0.9551587859,
  "34":0.9663073997,
  "35":0.9738405026,
  "36":0.9774692406,
  "37":0.977790697,
  "38":0.9777906977,
  "39":0.9777906977,
  "40":0.9777906977,
  "41":0.9777907018,
  "42":0.9772708756,
  "43":0.973211832,
  "44":0.9652722017,
  "45":0.9537567601,
  "46":0.93910742,
  "47":0.9218863575,
  "48":0.9027544388,
  "49":0.8824475929,
  "50":0.8255003832,
  "51":0.7340993102,
  "52":0.6479951776,
  "53":0.5704909506,
  "54":0.5045609112,
  "55":0.4527353564,
  "56":0.4170026955,
  "57":0.3987343641,
  "58":0.3963953447,
  "59":0.3963953488,
  "60":0.3963953488,
  "61":0.3963953488,
  "62":0.3963953488,
  "63":0.3963953488,
  "64":0.3963953488,
  "65":0.3963953488,
  "66":0.3963953488,
  "67":0.3963953491,
  "68":0.3962102388,
  "69":0.3929695264,
  "70":0.3858033935,
  "71":0.3749875692,
  "72":0.3609370278,
  "73":0.3441910038,
  "74":0.3253921334,
  "75":0.3052618315,
  "76":0.2845726134,
  "77":0.2641184576,