{
 "X":{
  "0":0.0,
  "1":0.0104849963,
  "2":0.0209699925,
  "3":0.0314549878,
  "4":0.041939985,
  "5":0.0524249822,
  "6":0.0629099756,
  "7":0.0733949766,
  "8":0.08387997,
  "9":0.0943649635,
  "10":0.1048499644,
  "11":0.1153349578,
  "12":0.1258199513,
  "13":0.1363049448,
  "14":0.1467899382,
  "15":0.1572749466,
  "16":0.16775994,
  "17":0.1782449335,
  "18":0.1887299269,
  "19":0.1992149353,
  "20":0.2096999288,
  "21":0.2201849222,
  "22":0.2306699157,
  "23":0.2411549091,
  "24":0.2516399026,
  "25":0.262124896,
  "26":0.2726098896,
  "27":0.2830948851,
  "28":0.2935798691,
  "29":0.3040603791,
  "30":0.3145235,
  "31":0.3249556566,
  "32":0.3353432197,
  "33":0.3456727065,
  "34":0.3559306802,
  "35":0.3661037969,
  "36":0.3761788231,
  "37":0.3861426809,
  "38":0.3959823526,
  "39":0.4056850669,
  "40":0.4152382022,
  "41":0.4246293314,
  "42":0.4338462384,
  "43":0.4428769334,
  "44":0.4517096692,
  "45":0.4603329558,
  "46":0.4687355758,
  "47":0.4769066217,
  "48":0.4848353956,
  "49":0.4925116524,
  "50":0.4999253836,
  "51":0.5070669452,
  "52":0.5139270472,
  "53":0.5204967658,
  "54":0.5267675548,
  "55":0.5327312572,
  "56":0.5383801464,
  "57":0.5437068099,
  "58":0.5487043515,
  "59":0.5533662704,
  "60":0.5576865021,
  "61":0.5616594269,
  "62":0.5652798767,
  "63":0.5685431417,
  "64":0.5714449925,
  "65":0.5739816214,
  "66":0.5761497461,
  "67":0.5779465465,
  "68":0.5793696851,
  "69":0.5804173013,
  "70":0.5810878612,
  "71":0.581378419,
  "72":0.5813946088,
  "73":0.5813953196,
  "74":0.5813953511,
  "75":0.5813953494,
  "76":0.5813953489,
  "77":0.5813953488,
  "78":0.5813953488,
  "79":0.5813953488,
  "80":0.5813953488,
  "81":0.5813953488,
  "82":0.5813953488,
  "83":0.5813953488,
  "84":0.5813953488,
  "85":0.5813953488,
  "86":0.5813953488,
  "87":0.5813953488,
  "88":0.5813953488,
  "89":0.5813953488,
  "90":0.5813953488,
  "91":0.5813953488,
  "92":0.5813953488,
  "93":0.5813953488,
  "94":0.5813953488,
  "95":0.5813953488,
  "96":0.5813953488,
  "97":0.5813953488,
  "98":0.5813953488,
  "99":0.5813953488
 },
 "Y":{
  "0":0.0,
  "1":-8.03818805e-34,
  "2":-1.394181635e-32,
  "3":-1.571173851e-31,
  "4":-1.134865851e-30,
  "5":-1.044819558e-30,
  "6":1.058323282e-28,
  "7":1.959465113e-27,
  "8":2.281225233e-26,
  "9":1.733709352e-25,
  "10":3.012582928e-25,
  "11":-1.392648306e-23,
  "12":-2.745586334e-22,
  "13":-3.302377794e-21,
  "14":-2.630544564e-20,
  "15":-6.500826934e-20,
  "16":1.811152193e-18,
  "17":3.834529927e-17,
  "18":4.766926298e-16,
  "19":0.0,
  "20":0.0,
  "21":-0.0,
  "22":-0.0,
  "23":-0.0000000001,
  "24":-0.0000000006,
  "25":-0.0000000022,
  "26":0.0000000292,
  "27":0.0000007401,
  "28":0.0000169297,
  "29":0.0003074869,
  "30":0.0009780462,
  "31":0.0020256654,
  "32":0.0034488046,
  "33":0.0052456054,
  "34":0.0074137306,
  "35":0.00995036,
  "36":0.0128521937,
  "37":0.016115467,
  "38":0.0197359163,
  "39":0.0237088405,
  "40":0.0280290718,
  "41":0.0326909901,
  "42":0.0376885312,
  "43":0.0430151942,
  "44":0.0486640499,
  "45":0.0546277501,
  "46":0.060898537,
  "47":0.0674682725,
  "48":0.0743283534,
  "49":0.081469913,
  "50":0.0888836423,
  "51":0.0965598972,
  "52":0.1044886922,
  "53":0.1126597136,
  "54":0.1210623319,
  "55":0.129685617,
  "56":0.1385184021,
  "57":0.1475490968,
  "58":0.1567660035,
  "59":0.1661571325,
  "60":0.1757102676,
  "61":0.1854129816,
  "62":0.1952526531,
  "63":0.2052164823,
  "64":0.2152915656,
  "65":0.2254646824,
  "66":0.2357226562,
  "67":0.2460521431,
  "68":0.2564397063,
  "69":0.2668718333,
  "70":0.2773349541,
  "71":0.287815464,
  "72":0.2983004481,
  "73":0.3087854436,
  "74":0.3192704371,
  "75":0.3297554306,
  "76":0.340240424,
  "77":0.3507254175,
  "78":0.3612104109,
  "79":0.3716954044,
  "80":0.3821803979,
  "81":0.3926653913,
  "82":0.4031503848,
  "83":0.4136353782,
  "84":0.4241203717,
  "85":0.4346053652,
  "86":0.4450903586,
  "87":0.4555753521,
  "88":0.4660603455,
  "89":0.476545339,
  "90":0.4870303324,
  "91":0.4975153259,
  "92":0.5080003194,
  "93":0.5184853128,
  "94":0.5289703063,
  "95":0.5394552997,
  "96":0.5499402932,
  "97":0.5604253462,
  "98":0.5709102801,
  "99":0.5813953332
 },
 "X_i":{
  "0":-2.691462267e-32,
  "1":0.0104849963,
  "2":0.0209699925,
  "3":0.0314549878,
  "4":0.041939985,
  "5":0.0524249822,
  "6":0.0629099756,
  "7":0.0733949766,
  "8":0.08387997,
  "9":0.0943649635,
  "10":0.1048499644,
  "11":0.1153349578,
  "12":0.1258199513,
  "13":0.1363049448,
  "14":0.1467899382,
  "15":0.1572749466,
  "16":0.16775994,
  "17":0.1782449335,
  "18":0.1887299269,
  "19":0.1992149353,
  "20":0.2096999288,
  "21":0.2201849222,
  "22":0.2306699156,
  "23":0.2411549121,
  "24":0.2516399726,
  "25":0.2621258053,
  "26":0.2726164691,
  "27":0.2831151565,
  "28":0.2918421731,
  "29":0.2955513228,
  "30":0.2993591081,
  "31":0.3031536539,
  "32":0.3069307872,
  "33":0.3106865991,
  "34":0.3144163888,
  "35":0.3181153293,
  "36":0.3217786189,
  "37":0.3254014895,
  "38":0.3289791906,
  "39":0.3325070877,
  "40":0.3359806003,
  "41":0.3393952182,
  "42":0.3427465001,
  "43":0.3460300619,
  "44":0.3492416368,
  "45":0.3523770555,
  "46":0.3554322468,
  "47":0.3584032506,
  "48":0.3612861585,
  "49":0.3640772407,
  "50":0.3667728656,
  "51":0.3693695335,
  "52":0.3718638719,
  "53":0.3742526307,
  "54":0.376532688,
  "55":0.3787010843,
  "56":0.3807550157,
  "57":0.3826917916,
  "58":0.3845089057,
  "59":0.3862039806,
  "60":0.3877748132,
  "61":0.3892193648,
  "62":0.3905357594,
  "63":0.3917222867,
  "64":0.3927774023,
  "65":0.393699719,
  "66":0.394488047,
  "67":0.3951413655,
  "68":0.3956588442,
  "69":0.3960398598,
  "70":0.3962836519,
  "71":0.3963865803,
  "72":0.3963946099,
  "73":0.3963953197,
  "74":0.3963953511,
  "75":0.3963953494,
  "76":0.3963953489,
  "77":0.3963953488,
  "78":0.3963953488,
  "79":0.3963953488,
  "80":0.3963953488,
  "81":0.3963953488,
  "82":0.3963953488,
  "83":0.3963953488,
  "84":0.3963953488,
  "85":0.3963953488,
  "86":0.3963953488,
  "87":0.3963953488,
  "88":0.3963953488,
  "89":0.3963953488,
  "90":0.3963953488,
  "91":0.3963953488,
  "92":0.3963953488,
  "93":0.3963953488,
  "94":0.3963953488,
  "95":0.3963953488,
  "96":0.3963953488,
  "97":0.3963953488,
  "98":0.3963953488,
  "99":0.3963953488
 },
 "Y_i":{
  "0":0.185,
  "1":0.185,
  "2":0.185,
  "3":0.185,
  "4":0.185,
  "5":0.185,
  "6":0.185,
  "7":0.185,
  "8":0.185,
  "9":0.185,
  "10":0.185,
  "11":0.185,
  "12":0.185,
  "13":0.185,
  "14":0.185,
  "15":0.185,
  "16":0.185,
  "17":0.185,
  "18":0.185,
  "19":0.185,
  "20":0.185,
  "21":0.185,
  "22":0.185,
  "23":0.1849999999,
  "24":0.1849999994,
  "25":0.1849999978,
  "26":0.1850000291,
  "27":0.1850007389,
  "28":0.1850087685,
  "29":0.1851116967,
  "30":0.1853554885,
  "31":0.1857365052,
  "32":0.1862539841,
  "33":0.1869073028,
  "34":0.187695631,
  "35":0.1886179479,
  "36":0.1896730573,
  "37":0.1908595876,
  "38":0.192175982,
  "39":0.1936205334,
  "40":0.1951913658,
  "41":0.1968864405,
  "42":0.1987035544,
  "43":0.2006403301,
  "44":0.2026942494,
  "45":0.2048626448,
  "46":0.2071427014,
  "47":0.2095314663,
  "48":0.2120257971,
  "49":0.2146224642,
  "50":0.2173180885,
  "51":0.22010917,
  "52":0.2229920856,
  "53":0.2259630804,
  "54":0.2290182711,
  "55":0.2321536892,
  "56":0.2353652821,
  "57":0.2386488438,
  "58":0.2420001256,
  "59":0.2454147434,
  "60":0.2488882559,
  "61":0.2524161529,
  "62":0.2559938539,
  "63":0.2596167142,
  "64":0.2632800245,
  "65":0.2669789651,
  "66":0.2707087547,
  "67":0.2744645667,
  "68":0.2782417,
  "69":0.282036235,
  "70":0.2858440201,
  "71":0.2895531682,
  "72":0.2982801758,
  "73":0.3087788639,
  "74":0.3192695278,
  "75":0.3297553606,
  "76":0.3402404211,
  "77":0.3507254176,
  "78":0.361210411,
  "79":0.3716954044,
  "80":0.3821803979,
  "81":0.3926653913,
  "82":0.4031503848,
  "83":0.4136353782,
  "84":0.4241203717,
  "85":0.4346053652,
  "86":0.4450903586,
  "87":0.4555753521,
  "88":0.4660603455,